[[{"name": "A Coruña", "local_names": {"es": "La Coruña", "eu": "Coruña", "cy": "A Coruña", "uk": "A-Корунья", "pl": "A Coruña", "ca": "A Corunya", "sr": "Коруња", "ja": "ア・コルーニャ", "pt": "A Corunha", "cs": "A Coruña", "ar": "لا كورونيا", "fa": "کوروشا", "gl": "A Coruña", "oc": "A Coronha", "th": "าโกรุญญา", "eo": "Korunjo", "bg": "A Коруня", "kk": "А-Корунья", "be": "A-Карунья", "lt": "A Korunja", "ko": "라코루냐", "ru": "A-Корунья", "fi": "A Coruña", "ka": "ა-კორუნია", "fr": "La Corogne", "hy": "ա Կորունյա", "gd": "Corùna", "mr": "कोरुन्या", "an": "A Coruña", "br": "A Coruña", "zh": "拉科魯尼亞", "de": "A Coruña", "et": "A Coruña", "en": "A Coruña", "el": "Α Κορούνια", "uz": "A-Korunya", "he": "ה קורוניה"}, "lat": 43.3709703, "lon": -8.3959425, "country": "ES", "state": "Galicia"}], [{"name": "Vitoria-Gasteiz", "local_names": {"ur": "بیتوریا-گاستیئس", "br": "Gasteiz", "os": "Витори", "es": "Vitoria", "zh": "維多利亞", "az": "Vitoriya-Qasteys", "ja": "ビトリア", "hu": "Vitoria-Gasteiz", "mn": "Виториа-Гастейс", "mk": "Виторија", "lv": "Vitorija", "uk": "Віторія", "kk": "Витория", "he": "ויטוריה", "ko": "비토리아", "ca": "Vitòria", "mr": "व्हितोरिया", "fa": "بیتوریا", "sr": "Виторија", "yi": "וויטאריע", "fr": "Vitoria-Gasteiz", "ka": "ვიტორია", "th": "บิโตเรีย", "la": "Nova Victoria", "ar": "فيتوريا-غاستيز", "el": "Βιτόρια", "ru": "Витория", "be": "Віторыя", "hy": "Վիտորիա", "bg": "Витория-Гастейс", "eu": "Gasteiz", "lt": "Vitorija-Gasteisas", "en": "Vitoria-Gasteiz", "de": "Vitoria-Gasteiz", "sa": "विटोरिया-गास्टिज़", "wa": "Gasteysse"}, "lat": 42.8465088, "lon": -2.6724025, "country": "ES", "state": "Autonomous Community of the Basque Country"}], [{"name": "Albacete", "local_names": {"sr": "Албасете", "ar": "البسيط", "be": "Альбасетэ", "el": "Αλμπαθέτε", "es": "Albacete", "hu": "Albacete", "ru": "Альбасете", "ja": "アルバセテ"}, "lat": 38.9950921, "lon": -1.8559154, "country": "ES", "state": "Castile-La Mancha"}], [{"name": "Alicante", "local_names": {"fr": "Alicante", "eu": "Alacant", "es": "Alicante", "gl": "Alacant", "be": "Алікантэ", "cs": "Alicante", "hu": "Alicante", "de": "Alicante", "nl": "Alicante", "ru": "Аликанте", "fi": "Alicante", "el": "Αλικάντε", "en": "Alicante", "it": "Alicante", "ar": "أليكانتي", "ro": "Alicante", "et": "Alicante", "sk": "Alicante", "ca": "Alacant", "sr": "Аликанте"}, "lat": 38.3436365, "lon": -0.4881708, "country": "ES", "state": "Valencian Community"}], [{"name": "Almeria", "local_names": {"lt": "Almerija", "en": "Almeria", "be": "Альмерыя", "ja": "アルメリア", "ru": "Альмерия", "oc": "Almeria", "ar": "ألمرية", "ca": "Almeria", "pt": "Almeria", "tr": "Meriye", "sr": "Алмерија", "fr": "Alméria", "el": "Αλμερία"}, "lat": 36.8414197, "lon": -2.4628135, "country": "ES", "state": "Andalusia"}], [{"name": "Oviedo", "local_names": {"pt": "Oviedo", "ca": "Oviedo", "es": "Oviedo", "el": "Οβιέδο", "fr": "Oviède", "eo": "Oviedo", "en": "Oviedo", "be": "Аўеда", "ru": "Овьедо", "br": "Uviéu", "ar": "أوفييدو"}, "lat": 43.3604218, "lon": -5.8450534, "country": "ES", "state": "Asturias"}], [{"name": "Ávila", "local_names": {"ar": "آبلة", "te": "అవిలా", "he": "אווילה", "ja": "アビラ", "gu": "એવીલા", "hi": "आवीला", "el": "Άβιλα", "th": "อาบิลา", "hy": "Ավիլա", "ka": "ავილა", "pa": "ਆਵੀਲਾ", "bn": "এভিলা", "mr": "एव्हिला", "ta": "அவிலா", "si": "ආවිලා", "fa": "آبیلا", "am": "አቢላ", "be": "Авіла", "sr": "Авила", "ko": "아빌라", "es": "Ávila", "kn": "ಆವಿಲಾ", "lt": "Avila", "ca": "Àvila", "bg": "Авила", "zh": "阿维拉", "ru": "Авила", "ur": "آبیلا", "uk": "Авіла"}, "lat": 40.656478, "lon": -4.7002172, "country": "ES", "state": "Castile and León"}], [{"name": "Badajoz", "local_names": {"el": "Μπαδαχόθ", "be": "Бадахас", "eo": "Badaĥozo", "es": "Badajoz", "hu": "Badajoz", "lt": "Badachosas", "ru": "Бадахос"}, "lat": 38.88964355, "lon": -6.980142450723942, "country": "ES", "state": "Extremadura"}], [{"name": "Barcelona", "local_names": {"lt": "Barselona", "eo": "Barcelono", "ja": "バルセロナ", "ar": "برشلونة", "sr": "Барселона", "en": "Barcelona", "ko": "바르셀로나", "he": "ברצלונה", "hi": "बार्सॆलोना", "ru": "Барселона", "gl": "Barcelona", "gd": "Barsalòna", "zh": "巴塞罗那", "el": "Βαρκελώνη", "uk": "Барселона", "tr": "Barselona", "es": "Barcelona", "br": "Barcelona", "oc": "Barcelona", "pl": "Barcelona", "cs": "Barcelona", "ca": "Barcelona", "kn": "ಬಾರ್ಸೆಲೋನಾ", "it": "Barcellona", "mk": "Барселона", "de": "Barcelona", "eu": "Bartzelona", "fr": "Barcelone", "be": "Барселона", "pt": "Barcelona"}, "lat": 41.3828939, "lon": 2.1774322, "country": "ES", "state": "Catalonia"}], [{"name": "Burgos", "local_names": {"ka": "ბურგოსი", "uk": "Бургос", "fa": "بورگس", "ar": "برغش", "hy": "Բուրգոս", "ru": "Бургос", "be": "Бургас", "ja": "ブルゴス", "am": "ቡርጎስ", "he": "בורגוס", "ko": "부르고스", "el": "Μπούργος", "es": "Burgos", "sr": "Бургос", "zh": "布尔戈斯"}, "lat": 42.343926, "lon": -3.696977, "country": "ES", "state": "Castile and León"}], [{"name": "Cáceres", "local_names": {"ja": "カセレス", "zh": "卡塞雷斯", "ca": "Càceres", "lt": "Kaseresas", "ru": "Касерес", "el": "Κάθερες", "ar": "قصرش", "be": "Касерэс", "ur": "کاکیریس", "fa": "کاسرس", "es": "Cáceres"}, "lat": 39.4745175, "lon": -6.3716761, "country": "ES", "state": "Extremadura"}], [{"name": "Cádiz", "local_names": {"fr": "Cadix", "ja": "カディス", "ru": "Кадис", "be": "Кадыс", "el": "Κάδιθ", "sr": "Кадиз", "ca": "Cadis", "pt": "Cádis", "eu": "Karize", "la": "Gadira", "ar": "قادس", "pl": "Kadyks"}, "lat": 36.5297438, "lon": -6.2928976, "country": "ES", "state": "Andalusia"}], [{"name": "Santander", "local_names": {"br": "Santander", "be": "Сантандэр", "ca": "Santander", "os": "Сантандер", "es": "Santander", "el": "Σανταντέρ", "he": "סנטנדר", "lt": "Santanderas", "ar": "سانتاندير", "hu": "Santander", "ru": "Сантандер", "fa": "سانتاندر", "eo": "Santandero", "fr": "Santander", "zh": "桑坦德", "bg": "Сантандер", "en": "Santander", "ja": "サンタンデール"}, "lat": 43.4620412, "lon": -3.8099719, "country": "ES", "state": "Cantabria"}], [{"name": "Castelló de la Plana", "local_names": {"ru": "Кастельон-де-ла-Плана", "be": "Кастэльён-дэ-ла-Плана", "sr": "Кастељон де ла Плана", "gl": "Castelló de la Plana", "ca": "Castelló de la Plana", "es": "Castellón de la Plana", "en": "Castelló de la Plana", "el": "Καστεγιόν δε λα Πλάνα", "ja": "カステリョン・デ・ラ・プラナ", "it": "Castelló de la Plana"}, "lat": 39.9860347, "lon": -0.0377354, "country": "ES", "state": "Valencian Community"}], [{"name": "Ciudad Real", "local_names": {"ar": "ثيوداد ريال", "el": "Θιουδάδ Ρεάλ", "ru": "Сьюдад-Реаль", "be": "Сьюдад-Рэаль", "es": "Ciudad Real", "sr": "Сијудад Реал", "ja": "シウダー・レアル", "la": "Civitas Regia"}, "lat": 38.9854201, "lon": -3.9285138, "country": "ES", "state": "Castile-La Mancha"}], [{"name": "Cordoba", "local_names": {"en": "Cordoba", "he": "קורדובה", "it": "Cordova", "yi": "קארדאבע", "oc": "Vila de Córdoba", "hy": "Կորդովա", "lv": "Kordova", "ko": "코르도바", "ce": "Кордова", "fa": "کوردوبا، آرژانتین", "ka": "კორდოვა", "th": "กอร์โดบา", "os": "Кордовæ", "ar": "كوردوبا", "lt": "Kordoba", "pt": "Córdova", "ja": "コルドバ", "es": "Córdoba", "la": "Corduba", "mn": "Кордова", "uk": "Кордова", "eo": "Kordobo", "el": "Κόρδοβα", "sr": "Кордоба", "bg": "Кордоба", "mr": "कोर्दोबा", "ru": "Кордова", "zh": "科尔多瓦", "be": "Кордава", "ur": "قرطبہ"}, "lat": -31.4173391, "lon": -64.183319, "country": "AR", "state": "Córdoba"}], [{"name": "Cuenca", "local_names": {"sr": "Куенка", "la": "Concha", "es": "Cuenca", "el": "Κουένκα", "lt": "Kuenka", "be": "Куэнка", "ru": "Куэнка", "ar": "قونكة", "ca": "Conca"}, "lat": 40.0681156, "lon": -2.1348241, "country": "ES", "state": "Castile-La Mancha"}], [{"name": "Girona", "local_names": {"ru": "Жирона", "gl": "Xirona", "lv": "Žirona", "he": "ז'ירונה", "an": "Chirona", "eu": "Girona", "pt": "Gerunda", "ja": "ジローナ", "el": "Ζιρόνα", "nl": "Gerona", "fr": "Gérone", "sr": "Ђирона", "fa": "خرنا", "zh": "赫罗纳", "ko": "지로나", "ca": "Girona", "ar": "جرندة", "es": "Gerona", "lt": "Žirona", "be": "Жырона", "uk": "Жірона", "oc": "Girona"}, "lat": 41.9793006, "lon": 2.8199439, "country": "ES", "state": "Catalonia"}], [{"name": "Granada", "local_names": {"ar": "غرناطة", "he": "גרנדה", "es": "Granada", "uk": "Гранада", "lt": "Granada", "en": "Granada", "ja": "グラナダ", "tr": "Gırnata", "zh": "格拉纳达", "pl": "Grenada", "fr": "Grenade", "be": "Гранада", "ko": "그라나다", "el": "Γρανάδα", "ru": "Гранада", "sr": "Гранада", "oc": "Granada"}, "lat": 37.1734995, "lon": -3.5995337, "country": "ES", "state": "Andalusia"}], [{"name": "Guadalajara", "local_names": {"ru": "Гвадалахара", "en": "Guadalajara", "pl": "Guadalajara", "pt": "Guadalajara", "uk": "Ґвадалахара", "zh": "瓜达拉哈拉", "es": "Guadalajara", "ar": "غوادالاخارا"}, "lat": 20.6720375, "lon": -103.338396, "country": "MX", "state": "Jalisco"}], [{"name": "San Sebastián", "local_names": {"et": "Donostia", "br": "Donostia", "ru": "Доностия-Сан-Себастьян", "ca": "Sant Sebastià", "ar": "سان سيباستيان", "fr": "Saint-Sébastien", "oc": "Sant Sebastian", "en": "San Sebastián", "hu": "Donostia-San Sebastián", "es": "San Sebastián", "eu": "Donostia", "lt": "San Sebastianas", "el": "Σαν Σεμπαστιάν", "be": "Сан-Себасцьян"}, "lat": 43.3224219, "lon": -1.9838889, "country": "ES", "state": "Autonomous Community of the Basque Country"}], [{"name": "Huelva", "local_names": {"ja": "ウエルバ", "sr": "Уелва", "ar": "ولبة", "be": "Уэльва", "es": "Huelva", "lt": "Huelva", "el": "Ουέλβα", "ru": "Уэльва"}, "lat": 37.2575874, "lon": -6.9484945, "country": "ES", "state": "Andalusia"}], [{"name": "Huesca", "local_names": {"ja": "ウエスカ", "lt": "Hueska", "en": "Huesca", "ru": "Уэска", "be": "Уэска", "eu": "Oska", "el": "Ουέσκα", "ar": "وشقة", "ca": "Osca", "sr": "Уеска", "he": "אואסקה", "la": "Osca", "hu": "Huesca", "uk": "Уеска", "zh": "韦斯卡", "fr": "Huesca", "es": "Huesca", "oc": "Òsca", "an": "Uesca", "fa": "هوئسکا", "bg": "Уеска"}, "lat": 42.1382539, "lon": -0.4080901, "country": "ES", "state": "Aragon"}], [{"name": "Palma", "local_names": {"ka": "პალმა", "ca": "Palma", "pt": "Palma", "sr": "Палма", "be": "Пальма", "zh": "帕爾馬", "fa": "پالما", "th": "ปัลมา", "feature_name": "Palma de Mallorca", "ar": "ميورقة", "ru": "Пальма", "uk": "Пальма", "mr": "पाल्मा", "bg": "Палма", "lt": "Maljorkos Palma", "el": "Πάλμα", "he": "פלמה", "ascii": "Palma de Mallorca", "ja": "パルマ", "ko": "팔마데"}, "lat": 39.5695818, "lon": 2.6500745, "country": "ES", "state": "Balearic Islands"}], [{"name": "Jaén", "local_names": {"sr": "Хаен", "ar": "خاين", "es": "Jaén", "lt": "Chaenas", "be": "Хаэн", "el": "Χαέν", "ru": "Хаэн"}, "lat": 37.7728858, "lon": -3.7883289, "country": "ES", "state": "Andalusia"}], [{"name": "Logroño", "local_names": {"eu": "Logroño", "ar": "لوغرونيو", "be": "Лагронья", "ca": "Logronyo", "el": "Λογρόνιο", "ja": "ログローニョ", "sr": "Логроњо", "ru": "Логронья"}, "lat": 42.4661196, "lon": -2.4396676, "country": "ES", "state": "Rioja"}], [{"name": "Las Palmas de Gran Canaria", "local_names": {"lt": "Gran Kanarijos las Palmas", "is": "Las Palmas de Gran Canaria", "fr": "Las Palmas de Grande Canarie", "ru": "Лас-Пальмас-де-Гран-Канария", "ko": "라스팔마스", "ar": "لاس بالماس دي غران كناريا", "pl": "Las Palmas na wyspie Gran Canaria", "be": "Лас-Пальмас", "zh": "大加那利岛拉斯帕尔马斯 / 拉斯帕爾馬斯"}, "lat": 28.1288694, "lon": -15.4349015, "country": "ES"}], [{"name": "León", "local_names": {"ca": "Lleó", "ko": "레온", "eu": "Leon", "hy": "Լեոն", "ru": "Леон", "el": "Λεόν", "he": "לאון", "sr": "Леон", "ka": "ლეონი", "es": "León", "fa": "لئون", "be": "Леон", "ja": "レオン", "uk": "Леон", "am": "ሌኦን", "ar": "ليون"}, "lat": 42.5989995, "lon": -5.5682413, "country": "ES", "state": "Castile and León"}], [{"name": "Lleida", "local_names": {"nl": "Lerida", "ja": "リェイダ", "ko": "레리다", "fa": "لریدا", "uk": "Льєйда", "zh": "莱里达", "oc": "Lhèida", "sr": "Љеида", "an": "Leida", "lt": "Lerida", "lv": "Lerida", "ca": "Lleida", "ru": "Льейда", "el": "Λέριδα", "pt": "Lérida", "fr": "Lérida", "es": "Lérida", "la": "Ilerda", "vi": "Lérida", "ar": "لاردة", "id": "Lerida"}, "lat": 41.6147605, "lon": 0.6267842, "country": "ES", "state": "Catalonia"}], [{"name": "Lugo", "local_names": {"fa": "لوگو", "el": "Λούγο", "ar": "لوغو", "ca": "Lugo", "lt": "Lugas", "be": "Луга", "eu": "Lugo", "gl": "Lugo", "ja": "ルーゴ", "ru": "Луго", "sr": "Луго", "la": "Lucus Augusti"}, "lat": 43.0118437, "lon": -7.5565749, "country": "ES", "state": "Galicia"}], [{"name": "Madrid", "local_names": {"mn": "Мадрид", "tg": "Мадрид", "an": "Madrit", "ky": "Мадрид", "hi": "मद्रिद", "ga": "Maidrid", "os": "Мадрид", "co": "Madridi", "kv": "Мадрид", "fr": "Madrid", "uk": "Мадрид", "mr": "माद्रिद", "bn": "মাদ্রিদ", "la": "Matritum", "is": "Madrid", "sk": "Madrid", "eu": "Madril", "ba": "Мадрид", "mk": "Мадрид", "ca": "Madrid", "be": "Мадрыд", "ml": "മാഡ്രിഡ്", "lt": "Madridas", "ur": "میدرد", "ko": "마드리드", "el": "Μαδρίτη", "ru": "Мадрид", "bg": "Мадрид", "br": "Madrid", "es": "Madrid", "de": "Madrid", "he": "מדריד", "kk": "Мадрид", "it": "Madrid", "kn": "ಮಾದ್ರಿದ್", "sl": "Madrid", "yi": "מאדריד", "ab": "Мaдрид", "sa": "मद्रिद्", "hu": "Madrid", "zh": "馬德里", "bo": "མ་ད་རིད།", "fa": "مادرید", "no": "Madrid", "sq": "Madridi", "en": "Madrid", "ja": "マドリード", "oc": "Madrid", "th": "มาดริด", "am": "ማድሪድ", "ka": "მადრიდი", "sv": "Madrid", "lv": "Madride", "sr": "Мадрид", "cv": "Мадрид", "ar": "مدريد", "ta": "மத்ரித்", "eo": "Madrido", "cs": "Madrid", "hy": "Մադրիդ", "pl": "Madryt", "ku": "Madrîd"}, "lat": 40.4167047, "lon": -3.7035825, "country": "ES", "state": "Community of Madrid"}], [{"name": "Málaga", "local_names": {"fr": "Malaga", "tr": "Mâleka", "kn": "ಮಾಲಗ", "pl": "Malaga", "es": "Málaga", "lv": "Malaga", "de": "Malaga", "zh": "马拉加", "be": "Малага", "hu": "Málaga", "lt": "Malaga", "sr": "Малага", "ar": "مالقة", "el": "Μάλαγα", "ru": "Малага", "ca": "Màlaga"}, "lat": 36.7213028, "lon": -4.4216366, "country": "ES", "state": "Andalusia"}], [{"name": "Murcia", "local_names": {"uk": "Мурсія", "ru": "Мурсия", "es": "Murcia", "el": "Μούρθια", "lt": "Mursija", "pt": "Múrcia", "eu": "Murtzia", "fr": "Murcie", "ar": "مرسية", "ca": "Múrcia", "be": "Мурсія", "sr": "Мурсија", "tr": "Mürsiye"}, "lat": 37.9923795, "lon": -1.1305431, "country": "ES", "state": "Region of Murcia"}], [{"name": "Pamplona", "local_names": {"it": "Pamplona", "sr": "Памплона", "eu": "Iruña", "la": "Pompelo", "br": "Iruña", "ca": "Pamplona", "fr": "Pampelune", "ko": "팜플로냐", "ka": "პამპლონა", "en": "Pamplona", "el": "Παμπλόνα", "ru": "Памплона", "be": "Памплона", "ar": "بنبلونة", "he": "פמפלונה", "th": "ปัมโปลนา", "zh": "潘普洛納", "oc": "Pampalona", "hy": "Պամպլոնա", "et": "Pamplona", "ja": "パンプローナ", "pl": "Pampeluna", "da": "Pamplona", "es": "Pamplona"}, "lat": 42.8182536, "lon": -1.6440304, "country": "ES", "state": "Navarre"}], [{"name": "Ourense", "local_names": {"be": "Ацрэнсэ", "de": "Ourense", "ru": "Оренсе", "pt": "Ourense", "gl": "Ourense", "en": "Ourense", "ja": "オウレンセ", "es": "Orense", "ca": "Ourense", "el": "Οουρένσε", "ar": "أورنسي", "fr": "Ourense", "sr": "Оренсе"}, "lat": 42.3436415, "lon": -7.8674242, "country": "ES", "state": "Galicia"}], [{"name": "Palencia", "local_names": {"an": "Palenzia", "la": "Pallantia", "pt": "Palência", "he": "פלנסיה", "uk": "Паленсія", "es": "Palencia", "am": "ፓሌንሲአ", "ca": "Palència", "ja": "パレンシア", "ar": "بالنثيا", "el": "Παλένθια", "ru": "Паленсия", "ka": "პალენსია", "sr": "Паленсија", "ko": "팔렌시아", "be": "Паленсія", "oc": "Paléncia", "fa": "پالنسیا", "eu": "Palentzia", "hy": "Պալենսիա", "zh": "帕伦西亚"}, "lat": 42.0108856, "lon": -4.5328735, "country": "ES", "state": "Castile and León"}], [{"name": "Pontevedra", "local_names": {"fa": "پنتبدرا", "be": "Пантэведра", "ca": "Pontevedra", "zh": "蓬特韋德拉", "gl": "Pontevedra", "ja": "ポンテベドラ", "ru": "Понтеведра", "el": "Ποντεβέδρα", "ar": "بونتيفيدرا", "sr": "Понтеведра", "es": "Pontevedra", "pt": "Ponte Vedra"}, "lat": 42.4318876, "lon": -8.6431592, "country": "ES", "state": "Galicia"}], [{"name": "Salamanca", "local_names": {"ta": "சலமன்கா", "uk": "Саламанка", "mr": "सालामांका", "lt": "Salamanka", "fr": "Salamanque", "el": "Σαλαμάνκα", "la": "Salmantica", "th": "ซาลามังกา", "zh": "薩拉曼卡/萨拉曼卡", "fa": "سالامانکا", "sr": "Саламанка", "he": "סלמנקה", "am": "ሳላማንካ", "be": "Саламанка", "pa": "ਸਾਲਾਮਾਨਕਾ", "ka": "სალამანკა", "ko": "살라망카", "hy": "Սալամանկա", "sa": "सालामान्का", "es": "Salamanca", "hi": "सालामानका", "ru": "Саламанка", "ja": "サラマンカ", "ur": "سالامانکا", "ar": "شلمنقة"}, "lat": 40.9651572, "lon": -5.6640182, "country": "ES", "state": "Castile and León"}], [{"name": "Santa Cruz de Tenerife", "local_names": {"ar": "سانتا كروث دي تينيريفه", "zh": "圣克鲁斯-德特内里费", "ru": "Санта-Крус-де-Тенерифе", "es": "Santa Cruz de Tenerife", "lt": "Tenerifės Santa Krusas", "ko": "산타크루스데테네리페", "fr": "Santa Cruz de Ténérife", "pl": "Santa Cruz na Teneryfie", "ja": "サンタ・クルス・デ・テネリフェ"}, "lat": 28.469648, "lon": -16.2540884, "country": "ES"}], [{"name": "Segovia", "local_names": {"ca": "Segòvia", "ur": "شقوبیہ", "el": "Σεγόβια", "fr": "Ségovie", "ja": "セゴビア", "sr": "Сеговија", "fa": "سگوبیا", "ru": "Сеговия", "ka": "სეგოვია", "he": "סגוביה", "ar": "شقوبية", "zh": "塞哥維亞", "am": "ሴጎቢአ", "lt": "Segovija", "uk": "Сеговія", "es": "Segovia", "ko": "세고비아", "be": "Сеговія", "hy": "Սեգովիա"}, "lat": 40.9502159, "lon": -4.1241494, "country": "ES", "state": "Castile and León"}], [{"name": "Seville", "local_names": {"es": "Sevilla", "nl": "Sevilla", "de": "Sevilla", "be": "Севілья", "uk": "Севілья", "sl": "Sevilja", "ar": "إشبيلية", "it": "Siviglia", "en": "Seville", "sr": "Севиља", "pl": "Sewilla", "ja": "セビリア", "ko": "세비야", "el": "Σεβίλλη", "fr": "Séville", "gl": "Sevilla", "pt": "Sevilha", "tr": "İşbîliye", "hr": "Sevilla", "cs": "Sevilla", "ca": "Sevilla", "ru": "Севилья", "zh": "塞維亞"}, "lat": 37.3886303, "lon": -5.9953403, "country": "ES", "state": "Andalusia"}], [{"name": "Soria", "local_names": {"sr": "Сорија", "am": "ሶሪአ", "ur": "سریا", "zh": "索里亚", "he": "סוריה", "el": "Σόρια", "hy": "Սորիա", "ar": "سريا", "ru": "Сория", "uk": "Сорія", "pt": "Sória", "ko": "소리아", "fa": "سریا", "ka": "სორია", "ja": "ソリア", "ca": "Sòria", "be": "Сорыя"}, "lat": 41.7633842, "lon": -2.4642041, "country": "ES", "state": "Castile and León"}], [{"name": "Tarragona", "local_names": {"ko": "타라고나", "oc": "Tarragona", "zh": "塔拉戈纳", "el": "Ταρραγόνα", "la": "Tarraco", "he": "טרגונה", "eu": "Tarragona", "fr": "Tarragone", "ca": "Tarragona", "ru": "Таррагона", "ar": "طراغونة", "uk": "Таррагона", "ja": "タラゴナ", "sr": "Тарагона", "be": "Тарагона", "lt": "Taragona", "es": "Tarragona", "fa": "تاراگونا"}, "lat": 41.1172364, "lon": 1.2546057, "country": "ES", "state": "Catalonia"}], [{"name": "Teruel", "local_names": {"bg": "Теруел", "eo": "Teruelo", "ur": "تیرویل", "be": "Тэруэль", "en": "Teruel", "zh": "特魯埃爾", "pt": "Teruel", "ja": "テルエル", "oc": "Teròl", "ko": "테루엘", "el": "Τερουέλ", "gl": "Teruel", "ka": "ტერუელი", "ru": "Теруэль", "ca": "Terol", "ar": "طرويل", "sr": "Теруел", "es": "Teruel", "lt": "Teruelis", "eu": "Teruel", "an": "Teruel", "la": "Terulium", "fa": "تروئل", "uk": "Теруель", "fr": "Teruel", "he": "טרואל", "kk": "Теруэль"}, "lat": 40.3436719, "lon": -1.1081939, "country": "ES", "state": "Aragon"}], [{"name": "Toledo", "local_names": {"en": "Toledo", "pt": "Toledo", "ca": "Toledo", "de": "Toledo", "uk": "Толедо", "be": "Таледа", "ar": "طليطلة", "el": "Τολέδο", "eu": "Toledo", "la": "Toletum", "lt": "Toledas", "es": "Toledo", "fr": "Tolède", "ko": "톨레도", "ru": "Толедо", "tr": "Tuleytula"}, "lat": 39.8560679, "lon": -4.0239568, "country": "ES", "state": "Castile-La Mancha"}], [{"name": "Valencia", "local_names": {"be": "Валенсія", "nl": "Valencia", "bn": "ভ্যালেন্সিয়া", "el": "Βαλένθια", "lt": "Valensija", "az": "Valensiya", "am": "ቫለንሲያ", "ar": "فالنسيا", "eo": "Valencio", "la": "Valentia", "zh": "瓦倫西亞", "cs": "Valencie", "sr": "Валенсија", "oc": "Valéncia", "ru": "Валенсия", "de": "Valencia", "ca": "València", "tr": "Belensiye", "ascii": "Valencia", "ka": "ვალენსია", "en": "Valencia", "pl": "Walencja", "eu": "Valentzia", "lv": "Valensija", "fr": "Valence", "uk": "Валенсія", "feature_name": "Valencia", "es": "Valencia", "it": "Valencia"}, "lat": 39.4697065, "lon": -0.3763353, "country": "ES", "state": "Valencian Community"}], [{"name": "Valladolid", "local_names": {"el": "Βαγιαδολίδ", "ka": "ვალიადოლიდი", "fa": "والادلید", "sr": "Ваљадолид", "am": "ባያዶሊድ", "hy": "Վալյադոլիդ", "es": "Valladolid", "ja": "バリャドリッド", "ru": "Вальядолид", "ar": "بلد الوليد", "uk": "Вальядолід", "ko": "바야돌리드", "he": "ואיאדוליד", "ca": "Valladolid", "be": "Вальядалід"}, "lat": 41.6521328, "lon": -4.728562, "country": "ES", "state": "Castile and León"}], [{"name": "Bilbao", "local_names": {"hu": "Bilbao", "kk": "Бильбао", "el": "Μπιλμπάο", "br": "Bilbo", "th": "บิลบาโอ", "be": "Більбаа", "es": "Bilbao", "an": "Bilbau", "ko": "빌바오", "uk": "Більбао", "zh": "毕尔巴鄂", "lt": "Bilbao", "he": "בילבאו", "pt": "Bilbau", "ru": "Бильбао", "ja": "ビルバオ", "cy": "Bilbo", "ce": "Билбао", "fr": "Bilbao", "mn": "Бильбао", "os": "Бильбао", "fa": "بیلبائو", "ar": "بلباو", "eo": "Bilbao", "hy": "Բիլբաո", "ca": "Bilbao", "bg": "Билбао", "eu": "Bilbo", "sr": "Билбао", "la": "Bilbaum", "ka": "ბილბაო", "mr": "बिल्बाओ"}, "lat": 43.2630018, "lon": -2.9350039, "country": "ES", "state": "Autonomous Community of the Basque Country"}], [{"name": "Zamora", "local_names": {"el": "Θαμόρα", "zh": "萨莫拉", "sr": "Замора", "am": "ሳሞራ", "ja": "サモラ", "ru": "Самора", "ka": "სამორა", "he": "סמורה", "be": "Самора", "bn": "থামোরা", "la": "Ocellum Duri", "ar": "سمورة", "uk": "Самора", "es": "Zamora", "ko": "사모라", "hy": "Սամորա", "fa": "سامرا"}, "lat": 41.5056574, "lon": -5.7448039, "country": "ES", "state": "Castile and León"}], [{"name": "Zaragoza", "local_names": {"kk": "Сарагоса", "he": "סרגוסה", "de": "Saragossa", "th": "ซาราโกซา", "el": "Σαραγόσα", "ja": "サラゴサ", "sr": "Сарагоса", "tr": "Sarakusta", "it": "Saragozza", "fy": "Saragossa", "eo": "Zaragozo", "lb": "Saragossa", "lv": "Saragosa", "zh": "萨拉戈萨", "be": "Сарагоса", "mr": "सारागोसा", "ug": "Saragossa", "mk": "Сарагоса", "ko": "사라고사", "lt": "Saragosa", "an": "Zaragoza", "ru": "Сарагоса", "mt": "Żaragoża", "fa": "ساراگوسا", "hy": "Սարագոսա", "uk": "Сарагоса", "la": "Caesaraugusta", "gl": "Zaragoza", "pl": "Saragossa", "fr": "Saragosse", "cs": "Zaragoza", "ca": "Saragossa", "ar": "سرقسطة", "es": "Zaragoza", "oc": "Saragossa", "ka": "სარაგოსა", "pt": "Saragoça"}, "lat": 41.6521342, "lon": -0.8809428, "country": "ES", "state": "Aragon"}]]